abbyylang,code,isoname
Abazin,,
Abkhaz,,
Adyghe,ady,Adyghe
Afrikaans,afr,Afrikaans
Agul,,
Albanian,sqi,Albanian
Altaic,,
ArabicAlgeria,,
ArabicBahrain,,
ArabicEgypt,,
ArabicIraq,,
ArabicJordan,,
ArabicKuwait,,
ArabicLebanon,,
ArabicLibya,,
ArabicMorocco,,
ArabicOman,,
ArabicQatar,,
ArabicSaudiArabia,,
ArabicSyria,,
ArabicTunisia,,
ArabicUAE,,
ArabicYemen,,
ArmenianEastern,,
ArmenianGrabar,,
ArmenianWestern,,
Assamese,asm,Assamese
Awar,aya,Awar
Aymara,aym,Aymara
AzeriCyrillic,,
AzeriLatin,,
Bashkir,bak,Bashkir
Basque,eus,Basque
Belarusian,bel,Belarusian
Bemba,,
Blackfoot,,
Breton,bre,Breton
Bugotu,,
Bulgarian,bul,Bulgarian
Burmese,mya,Burmese
Buryat,,
Byelorussian,,
Catalan,cat,Catalan
Chamorro,cha,Chamorro
Chechen,che,Chechen
Chinese,zho,Chinese
ChineseHongKong,zho,Chinese
ChineseMacau,zho,Chinese
ChinesePRC,zho,Chinese
ChineseSingapore,zho,Chinese
ChineseTaiwan,zho,Chinese
Chuana,,
Chukcha,,
Chuvash,chv,Chuvash
Corsican,cos,Corsican
CrimeanTatar,,
Croatian,hrv,Croatian
Crow,cro,Crow
Czech,ces,Czech
Dakota,dak,Dakota
Danish,dan,Danish
Dargin,,
Dargwa,dar,Dargwa
Dungan,dng,Dungan
Dutch,nld,Dutch
DutchBelgian,nld,Dutch
DutchStandard,nld,Dutch
EnglishAustralian,eng,English
EnglishBelize,,
EnglishCanadian,eng,English
EnglishCaribbean,,
EnglishIreland,eng,English
EnglishJamaica,,
EnglishLaw,,
EnglishMedical,,
EnglishNewZealand,,
EnglishPhilippines,,
EnglishProperNames,,
EnglishSouthAfrica,,
EnglishTrinidad,,
EnglishUnitedKingdom,eng,English
EnglishUnitedStates,eng,English
EnglishZimbabwe,,
English,eng,English
EskimoCyrillic,,
EskimoLatin,,
Esperanto,epo,Esperanto
Estonian,est,Estonian
Even,eve,Even
Evenki,evn,Evenki
Faeroese,,
Faroese,fao,Faroese
Farsi,,
Fijian,fij,Fijian
Finnish,fin,Finnish
Flemish,nld,Dutch
French,fra,French
FrenchBelgian,fra,French
FrenchCanadian,fra,French
FrenchLuxembourg,,
FrenchMonaco,,
FrenchProperNames,,
FrenchStandard,fra,French
FrenchSwiss,,
Frisian,fry,Western Frisian
Frisian_Legacy,,
Friulian,fur,Friulian
Gaelic,gla,Scottish Gaelic
GaelicScottish,gla,Scottish Gaelic
Gaelic_Legacy,,
Gagauz,gag,Gagauz
Galician,glg,Galician
Galician_Legacy,,
Ganda,lug,Ganda
GermanAustrian,,
GermanLaw,,
GermanLiechtenstein,,
GermanLuxembourg,,
GermanMedical,,
GermanNewSpelling,,
GermanNewSpellingLaw,,
GermanNewSpellingMedical,,
GermanNewSpellingProperNames,,
GermanProperNames,,
GermanStandard,deu,German
GermanSwiss,,
GreekKathareusa,,
Greenlandic,kal,Kalaallisut
Guarani,grn,Guarani
Guarani_Legacy,,
Hani,hni,Hani
Hausa,hau,Hausa
Hausa_Legacy,,
Hawaiian,haw,Hawaiian
Hawaiian_Legacy,,
Hindi,hin,Hindi
Hungarian,hun,Hungarian
Icelandic,isl,Icelandic
Ido,ido,Ido
Indonesian,ind,Indonesian
Ingush,inh,Ingush
Interlingua,,
Irish,gle,Irish
Irish_Legacy,,
Italian,ita,Italian
ItalianProperNames,,
ItalianStandard,ita,Italian
ItalianSwiss,,
Japanese,jpn,Japanese
Kabardian,kbd,Kabardian
Kachin,kac,Kachin
Kalmyk,xal,Kalmyk
KarachayBalkar,,
Karakalpak,,
Kashmiri,kas,Kashmiri
KashmiriIndia,,
Kasub,,
Kawa,,
Kazakh,kaz,Kazakh
Khakas,kjh,Khakas
Khanty,kca,Khanty
Kikuyu,kik,Kikuyu
Kirgiz,,
KomiPermian,,
KomiZyryan,,
Kongo,kon,Kongo
Konkani,,
Korean,kor,Korean
KoreanJohab,,
Koryak,kpy,Koryak
Kpelle,kpe,Kpelle
Kumyk,kum,Kumyk
Kurdish,kur,Kurdish
KurdishCyrillic,,
Lak,lbe,Lak
Lappish,,
Latin_Legacy,,
Latin,lat,Latin
Latvian,lav,Latvian
LatvianGothic,,
Lezgin,,
Lithuanian,lit,Lithuanian
LithuanianClassic,,
Luba,,
Macedonian,mkd,Macedonian
Malagasy,mlg,Malagasy
Malay,,
MalayBruneiDarussalam,,
MalayMalaysian,,
Malinke,,
Maltese,mlt,Maltese
Manipuri,mni,Manipuri
Mansi,mns,Mansi
Maori,mri,Maori
Marathi,mar,Marathi
Mari,,
Maya,,
Miao,,
Minankabaw,,
Mohawk,moh,Mohawk
Mongol,mgt,Mongol
Mordvin,,
Nahuatl,,
Nanai,gld,Nanai
Nenets,yrk,Nenets
Nepali,,
NepaliIndia,,
Nivkh,,
Nogay,,
Norwegian,nor,Norwegian
NorwegianBokmal,nob,Norwegian Bokmål
NorwegianNynorsk,nno,Norwegian Nynorsk
Nyanja,nya,Nyanja
Occidental,ile,Interlingue
Ojibway,,
OldEnglish,,
OldFrench,,
OldGerman,,
OldItalian,,
OldSlavonic,,
OldSpanish,,
Ossetic,oss,Ossetian
Papiamento,pap,Papiamento
Papiamento_Legacy,,
PidginEnglish,,
Pinyin,pny,Pinyin
Polish,pol,Polish
PortugueseBrazilian,,
PortugueseStandard,,
Provencal,,
Punjabi,pan,Panjabi
Quechua,que,Quechua
QuechuaBolivia,,
QuechuaEcuador,,
QuechuaPeru,,
Quechua_Legacy,,
RhaetoRomanic,,
Romanian,ron,Romanian
RomanianMoldavia,,
Romany,rom,Romany
Ruanda,,
Rundi,run,Rundi
Russian,rus,Russian
RussianMoldavia,,
RussianOldSpelling,rus,Russian
RussianProperNames,,
Saami,,
Samoan,smo,Samoan
Sanskrit,san,Sanskrit
Selkup,sel,Selkup
SerbianCyrillic,,
SerbianLatin,,
Shona,sna,Shona
Sindhi,snd,Sindhi
Sioux,,
Slovak,slk,Slovak
Slovenian,slv,Slovenian
Somali,som,Somali
Somali_Legacy,,
Sorbian,,
Sotho,,
SpanishArgentina,,
SpanishBolivia,,
SpanishChile,,
SpanishColombia,,
SpanishCostaRica,,
SpanishDominicanRepublic,,
SpanishEcuador,,
SpanishElSalvador,,
SpanishGuatemala,,
SpanishHonduras,,
SpanishMexican,,
SpanishModernSort,,
SpanishNicaragua,,
SpanishPanama,,
SpanishParaguay,,
SpanishPeru,,
SpanishProperNames,,
SpanishPuertoRico,,
SpanishTraditionalSort,spa,Spanish
SpanishUruguay,,
SpanishVenezuela,,
Spanish,spa,Spanish
Sunda,,
Sutu,,
Swahili,swa,Swahili (macrolanguage)
Swazi,,
Swedish,swe,Swedish
SwedishFinland,,
Tabassaran,tab,Tabassaran
Tagalog,tgl,Tagalog
Tahitian,tah,Tahitian
Tajik,tgk,Tajik
Tajik_Legacy,,
Tibet,,
Tinpo,,
Tongan,,
Tsonga,tso,Tsonga
Tswana,tsn,Tswana
Tun,,
Turkish,tur,Turkish
Turkmen,tuk,Turkmen
TurkmenLatin,,
Turkmen_Legacy,,
Tuvin,,
Udmurt,udm,Udmurt
Uighur,uig,Uighur
UighurCyrillic,,
UighurLatin,,
Ukrainian,ukr,Ukrainian
Universal,,
UrduIndia,,
UrduPakistan,,
User,,
UzbekCyrillic,,
UzbekLatin,,
Venda,ven,Venda
Vietnamese,vie,Vietnamese
Visayan,,
Welsh,cym,Welsh
Welsh_Legacy,,
Wend,,
Wolof,wol,Wolof
Wolof_Legacy,,
Xhosa,xho,Xhosa
Yakut,sah,Yakut
Yakut_Legacy,,
Yiddish,yid,Yiddish
Zapotec,zap,Zapotec
